{"cameraMode":{"drawMode":0,"name":"Shaded","section":"Shading Mode"},"sceneLighting":true,"audioPlay":false,"sceneViewState":{"showFog":true,"showMaterialUpdate":false,"showSkybox":true,"showFlares":true,"showImageEffects":true,"showParticleSystems":true},"in2DMode":false,"pivot":{"x":1.2284557819366456,"y":1.7146780490875245,"z":-2.1336398124694826},"rotation":{"x":-0.11512862145900727,"y":0.22590909898281098,"z":-0.026904141530394555,"w":-0.9670207500457764},"size":2.678086996078491,"orthographic":false}